{"1": {"mean": 96.171875, "min": 11.25, "max": 413.25}, "2": {"mean": 103.315, "min": 18.25, "max": 359.25}, "3": {"mean": 133.43333333333334, "min": 8.5, "max": 347.5}, "4": {"mean": 209.81382978723406, "min": 2.75, "max": 552.0}, "5": {"mean": 236.42763157894737, "min": 47.75, "max": 945.5}, "6": {"mean": 332.73809523809524, "min": 39.0, "max": 1975.25}, "7": {"mean": 246.21794871794873, "min": 26.5, "max": 765.0}, "8": {"mean": 173.82894736842104, "min": 35.0, "max": 665.0}, "9": {"mean": 184.77314814814815, "min": 41.75, "max": 600.75}, "10": {"mean": 153.2688679245283, "min": 6.75, "max": 565.75}, "11": {"mean": 291.0138888888889, "min": 10.0, "max": 4779.5}, "12": {"mean": 126.96938775510205, "min": 10.25, "max": 487.75}}